"Run","Timestamp","Commit","DirtyWorkingTree","Cpu","Gpu","OperatingSystem","PowerPlan","Gcc","Seed","Systems","Stars","Width","Height","Seconds","Frames","AverageFps","OneSecondMinFps","GetFpsAverage","GetFpsMin","Samples"
"1","2026-09-01T16:54:59.8152289-06:00","4a443691efc80128ed67859373d39f1106545df1","True","AMD Ryzen 5 8645HS w/ Radeon 760M Graphics","NVIDIA GeForce RTX 4050 Laptop GPU [32.0.16.1088]; AMD Radeon(TM) Graphics [32.0.11020.6003]","Microsoft Windows 11 Home 10.0.26200","Power Scheme GUID: 381b4222-f694-41f0-9685-ff5bb260df2e  (Balanced)","gcc.exe (Rev8, Built by MSYS2 project) 15.2.0","20260831","256","500","1280","720","10.007364","156","15.589","14.314","15.9","14","10"
"2","2026-09-01T16:55:13.3740178-06:00","4a443691efc80128ed67859373d39f1106545df1","True","AMD Ryzen 5 8645HS w/ Radeon 760M Graphics","NVIDIA GeForce RTX 4050 Laptop GPU [32.0.16.1088]; AMD Radeon(TM) Graphics [32.0.11020.6003]","Microsoft Windows 11 Home 10.0.26200","Power Scheme GUID: 381b4222-f694-41f0-9685-ff5bb260df2e  (Balanced)","gcc.exe (Rev8, Built by MSYS2 project) 15.2.0","20260831","256","500","1280","720","10.029467","198","19.742","18.25","19.9","18","10"
"3","2026-09-01T16:55:26.8849972-06:00","4a443691efc80128ed67859373d39f1106545df1","True","AMD Ryzen 5 8645HS w/ Radeon 760M Graphics","NVIDIA GeForce RTX 4050 Laptop GPU [32.0.16.1088]; AMD Radeon(TM) Graphics [32.0.11020.6003]","Microsoft Windows 11 Home 10.0.26200","Power Scheme GUID: 381b4222-f694-41f0-9685-ff5bb260df2e  (Balanced)","gcc.exe (Rev8, Built by MSYS2 project) 15.2.0","20260831","256","500","1280","720","10.035218","201","20.029","18.333","20.3","19","10"
"4","2026-09-01T16:55:40.4194736-06:00","4a443691efc80128ed67859373d39f1106545df1","True","AMD Ryzen 5 8645HS w/ Radeon 760M Graphics","NVIDIA GeForce RTX 4050 Laptop GPU [32.0.16.1088]; AMD Radeon(TM) Graphics [32.0.11020.6003]","Microsoft Windows 11 Home 10.0.26200","Power Scheme GUID: 381b4222-f694-41f0-9685-ff5bb260df2e  (Balanced)","gcc.exe (Rev8, Built by MSYS2 project) 15.2.0","20260831","256","500","1280","720","10.019619","208","20.759","18.681","21","19","10"
"5","2026-09-01T16:55:53.9523928-06:00","4a443691efc80128ed67859373d39f1106545df1","True","AMD Ryzen 5 8645HS w/ Radeon 760M Graphics","NVIDIA GeForce RTX 4050 Laptop GPU [32.0.16.1088]; AMD Radeon(TM) Graphics [32.0.11020.6003]","Microsoft Windows 11 Home 10.0.26200","Power Scheme GUID: 381b4222-f694-41f0-9685-ff5bb260df2e  (Balanced)","gcc.exe (Rev8, Built by MSYS2 project) 15.2.0","20260831","256","500","1280","720","10.011515","212","21.176","18.271","21.3","18","10"
"1","2026-09-01T16:56:08.4972338-06:00","4a443691efc80128ed67859373d39f1106545df1","True","AMD Ryzen 5 8645HS w/ Radeon 760M Graphics","NVIDIA GeForce RTX 4050 Laptop GPU [32.0.16.1088]; AMD Radeon(TM) Graphics [32.0.11020.6003]","Microsoft Windows 11 Home 10.0.26200","Power Scheme GUID: 381b4222-f694-41f0-9685-ff5bb260df2e  (Balanced)","gcc.exe (Rev8, Built by MSYS2 project) 15.2.0","20260831","128","500","1280","720","10.020621","362","36.126","32.629","35.8","33","10"
"2","2026-09-01T16:56:22.0707969-06:00","4a443691efc80128ed67859373d39f1106545df1","True","AMD Ryzen 5 8645HS w/ Radeon 760M Graphics","NVIDIA GeForce RTX 4050 Laptop GPU [32.0.16.1088]; AMD Radeon(TM) Graphics [32.0.11020.6003]","Microsoft Windows 11 Home 10.0.26200","Power Scheme GUID: 381b4222-f694-41f0-9685-ff5bb260df2e  (Balanced)","gcc.exe (Rev8, Built by MSYS2 project) 15.2.0","20260831","128","500","1280","720","10.021055","374","37.321","33.56","37.1","34","10"
"3","2026-09-01T16:56:35.5516164-06:00","4a443691efc80128ed67859373d39f1106545df1","True","AMD Ryzen 5 8645HS w/ Radeon 760M Graphics","NVIDIA GeForce RTX 4050 Laptop GPU [32.0.16.1088]; AMD Radeon(TM) Graphics [32.0.11020.6003]","Microsoft Windows 11 Home 10.0.26200","Power Scheme GUID: 381b4222-f694-41f0-9685-ff5bb260df2e  (Balanced)","gcc.exe (Rev8, Built by MSYS2 project) 15.2.0","20260831","128","500","1280","720","10.021966","368","36.719","33.111","36.4","33","10"
"4","2026-09-01T16:56:49.0169415-06:00","4a443691efc80128ed67859373d39f1106545df1","True","AMD Ryzen 5 8645HS w/ Radeon 760M Graphics","NVIDIA GeForce RTX 4050 Laptop GPU [32.0.16.1088]; AMD Radeon(TM) Graphics [32.0.11020.6003]","Microsoft Windows 11 Home 10.0.26200","Power Scheme GUID: 381b4222-f694-41f0-9685-ff5bb260df2e  (Balanced)","gcc.exe (Rev8, Built by MSYS2 project) 15.2.0","20260831","128","500","1280","720","10.023077","363","36.216","32.663","35.9","33","10"
"5","2026-09-01T16:57:02.5186359-06:00","4a443691efc80128ed67859373d39f1106545df1","True","AMD Ryzen 5 8645HS w/ Radeon 760M Graphics","NVIDIA GeForce RTX 4050 Laptop GPU [32.0.16.1088]; AMD Radeon(TM) Graphics [32.0.11020.6003]","Microsoft Windows 11 Home 10.0.26200","Power Scheme GUID: 381b4222-f694-41f0-9685-ff5bb260df2e  (Balanced)","gcc.exe (Rev8, Built by MSYS2 project) 15.2.0","20260831","128","500","1280","720","10.009846","351","35.065","31.645","34.9","32","10"
"1","2026-09-01T16:57:16.0069207-06:00","4a443691efc80128ed67859373d39f1106545df1","True","AMD Ryzen 5 8645HS w/ Radeon 760M Graphics","NVIDIA GeForce RTX 4050 Laptop GPU [32.0.16.1088]; AMD Radeon(TM) Graphics [32.0.11020.6003]","Microsoft Windows 11 Home 10.0.26200","Power Scheme GUID: 381b4222-f694-41f0-9685-ff5bb260df2e  (Balanced)","gcc.exe (Rev8, Built by MSYS2 project) 15.2.0","20260831","192","500","1280","720","10.015364","280","27.957","25.721","27.9","26","10"
"2","2026-09-01T16:57:29.4740785-06:00","4a443691efc80128ed67859373d39f1106545df1","True","AMD Ryzen 5 8645HS w/ Radeon 760M Graphics","NVIDIA GeForce RTX 4050 Laptop GPU [32.0.16.1088]; AMD Radeon(TM) Graphics [32.0.11020.6003]","Microsoft Windows 11 Home 10.0.26200","Power Scheme GUID: 381b4222-f694-41f0-9685-ff5bb260df2e  (Balanced)","gcc.exe (Rev8, Built by MSYS2 project) 15.2.0","20260831","192","500","1280","720","10.0066","273","27.282","25.207","27.2","25","10"
"3","2026-09-01T16:57:42.9805978-06:00","4a443691efc80128ed67859373d39f1106545df1","True","AMD Ryzen 5 8645HS w/ Radeon 760M Graphics","NVIDIA GeForce RTX 4050 Laptop GPU [32.0.16.1088]; AMD Radeon(TM) Graphics [32.0.11020.6003]","Microsoft Windows 11 Home 10.0.26200","Power Scheme GUID: 381b4222-f694-41f0-9685-ff5bb260df2e  (Balanced)","gcc.exe (Rev8, Built by MSYS2 project) 15.2.0","20260831","192","500","1280","720","10.009069","282","28.174","25.967","28","26","10"
"4","2026-09-01T16:57:56.4589722-06:00","4a443691efc80128ed67859373d39f1106545df1","True","AMD Ryzen 5 8645HS w/ Radeon 760M Graphics","NVIDIA GeForce RTX 4050 Laptop GPU [32.0.16.1088]; AMD Radeon(TM) Graphics [32.0.11020.6003]","Microsoft Windows 11 Home 10.0.26200","Power Scheme GUID: 381b4222-f694-41f0-9685-ff5bb260df2e  (Balanced)","gcc.exe (Rev8, Built by MSYS2 project) 15.2.0","20260831","192","500","1280","720","10.020141","274","27.345","24.551","27.4","25","10"
"5","2026-09-01T16:58:10.0218553-06:00","4a443691efc80128ed67859373d39f1106545df1","True","AMD Ryzen 5 8645HS w/ Radeon 760M Graphics","NVIDIA GeForce RTX 4050 Laptop GPU [32.0.16.1088]; AMD Radeon(TM) Graphics [32.0.11020.6003]","Microsoft Windows 11 Home 10.0.26200","Power Scheme GUID: 381b4222-f694-41f0-9685-ff5bb260df2e  (Balanced)","gcc.exe (Rev8, Built by MSYS2 project) 15.2.0","20260831","192","500","1280","720","10.038293","278","27.694","25.016","27.7","25","10"
"1","2026-09-01T16:58:23.5311001-06:00","4a443691efc80128ed67859373d39f1106545df1","True","AMD Ryzen 5 8645HS w/ Radeon 760M Graphics","NVIDIA GeForce RTX 4050 Laptop GPU [32.0.16.1088]; AMD Radeon(TM) Graphics [32.0.11020.6003]","Microsoft Windows 11 Home 10.0.26200","Power Scheme GUID: 381b4222-f694-41f0-9685-ff5bb260df2e  (Balanced)","gcc.exe (Rev8, Built by MSYS2 project) 15.2.0","20260831","160","500","1280","720","10.024793","328","32.719","30.115","32.4","30","10"
"2","2026-09-01T16:58:37.0701032-06:00","4a443691efc80128ed67859373d39f1106545df1","True","AMD Ryzen 5 8645HS w/ Radeon 760M Graphics","NVIDIA GeForce RTX 4050 Laptop GPU [32.0.16.1088]; AMD Radeon(TM) Graphics [32.0.11020.6003]","Microsoft Windows 11 Home 10.0.26200","Power Scheme GUID: 381b4222-f694-41f0-9685-ff5bb260df2e  (Balanced)","gcc.exe (Rev8, Built by MSYS2 project) 15.2.0","20260831","160","500","1280","720","10.022029","319","31.83","29.069","31.7","29","10"
"3","2026-09-01T16:58:50.5383161-06:00","4a443691efc80128ed67859373d39f1106545df1","True","AMD Ryzen 5 8645HS w/ Radeon 760M Graphics","NVIDIA GeForce RTX 4050 Laptop GPU [32.0.16.1088]; AMD Radeon(TM) Graphics [32.0.11020.6003]","Microsoft Windows 11 Home 10.0.26200","Power Scheme GUID: 381b4222-f694-41f0-9685-ff5bb260df2e  (Balanced)","gcc.exe (Rev8, Built by MSYS2 project) 15.2.0","20260831","160","500","1280","720","10.030971","329","32.798","29.622","32.8","30","10"
"4","2026-09-01T16:59:04.0553093-06:00","4a443691efc80128ed67859373d39f1106545df1","True","AMD Ryzen 5 8645HS w/ Radeon 760M Graphics","NVIDIA GeForce RTX 4050 Laptop GPU [32.0.16.1088]; AMD Radeon(TM) Graphics [32.0.11020.6003]","Microsoft Windows 11 Home 10.0.26200","Power Scheme GUID: 381b4222-f694-41f0-9685-ff5bb260df2e  (Balanced)","gcc.exe (Rev8, Built by MSYS2 project) 15.2.0","20260831","160","500","1280","720","10.019166","322","32.138","30.15","32.1","30","10"
"5","2026-09-01T16:59:17.5306928-06:00","4a443691efc80128ed67859373d39f1106545df1","True","AMD Ryzen 5 8645HS w/ Radeon 760M Graphics","NVIDIA GeForce RTX 4050 Laptop GPU [32.0.16.1088]; AMD Radeon(TM) Graphics [32.0.11020.6003]","Microsoft Windows 11 Home 10.0.26200","Power Scheme GUID: 381b4222-f694-41f0-9685-ff5bb260df2e  (Balanced)","gcc.exe (Rev8, Built by MSYS2 project) 15.2.0","20260831","160","500","1280","720","10.018007","336","33.54","28.72","33.5","29","10"
"1","2026-09-01T16:59:31.0314212-06:00","4a443691efc80128ed67859373d39f1106545df1","True","AMD Ryzen 5 8645HS w/ Radeon 760M Graphics","NVIDIA GeForce RTX 4050 Laptop GPU [32.0.16.1088]; AMD Radeon(TM) Graphics [32.0.11020.6003]","Microsoft Windows 11 Home 10.0.26200","Power Scheme GUID: 381b4222-f694-41f0-9685-ff5bb260df2e  (Balanced)","gcc.exe (Rev8, Built by MSYS2 project) 15.2.0","20260831","144","500","1280","720","10.024857","345","34.414","31.418","34.3","31","10"
"2","2026-09-01T16:59:44.5415810-06:00","4a443691efc80128ed67859373d39f1106545df1","True","AMD Ryzen 5 8645HS w/ Radeon 760M Graphics","NVIDIA GeForce RTX 4050 Laptop GPU [32.0.16.1088]; AMD Radeon(TM) Graphics [32.0.11020.6003]","Microsoft Windows 11 Home 10.0.26200","Power Scheme GUID: 381b4222-f694-41f0-9685-ff5bb260df2e  (Balanced)","gcc.exe (Rev8, Built by MSYS2 project) 15.2.0","20260831","144","500","1280","720","10.015976","352","35.144","32.395","34.8","32","10"
"3","2026-09-01T16:59:58.0609097-06:00","4a443691efc80128ed67859373d39f1106545df1","True","AMD Ryzen 5 8645HS w/ Radeon 760M Graphics","NVIDIA GeForce RTX 4050 Laptop GPU [32.0.16.1088]; AMD Radeon(TM) Graphics [32.0.11020.6003]","Microsoft Windows 11 Home 10.0.26200","Power Scheme GUID: 381b4222-f694-41f0-9685-ff5bb260df2e  (Balanced)","gcc.exe (Rev8, Built by MSYS2 project) 15.2.0","20260831","144","500","1280","720","10.021627","342","34.126","30.428","34.1","30","10"
"4","2026-09-01T17:00:12.5482083-06:00","4a443691efc80128ed67859373d39f1106545df1","True","AMD Ryzen 5 8645HS w/ Radeon 760M Graphics","NVIDIA GeForce RTX 4050 Laptop GPU [32.0.16.1088]; AMD Radeon(TM) Graphics [32.0.11020.6003]","Microsoft Windows 11 Home 10.0.26200","Power Scheme GUID: 381b4222-f694-41f0-9685-ff5bb260df2e  (Balanced)","gcc.exe (Rev8, Built by MSYS2 project) 15.2.0","20260831","144","500","1280","720","10.009125","346","34.568","31.362","34.3","31","10"
"5","2026-09-01T17:00:26.0334803-06:00","4a443691efc80128ed67859373d39f1106545df1","True","AMD Ryzen 5 8645HS w/ Radeon 760M Graphics","NVIDIA GeForce RTX 4050 Laptop GPU [32.0.16.1088]; AMD Radeon(TM) Graphics [32.0.11020.6003]","Microsoft Windows 11 Home 10.0.26200","Power Scheme GUID: 381b4222-f694-41f0-9685-ff5bb260df2e  (Balanced)","gcc.exe (Rev8, Built by MSYS2 project) 15.2.0","20260831","144","500","1280","720","10.003729","347","34.687","31.325","34.4","31","10"
"1","2026-09-01T17:00:39.5055538-06:00","4a443691efc80128ed67859373d39f1106545df1","True","AMD Ryzen 5 8645HS w/ Radeon 760M Graphics","NVIDIA GeForce RTX 4050 Laptop GPU [32.0.16.1088]; AMD Radeon(TM) Graphics [32.0.11020.6003]","Microsoft Windows 11 Home 10.0.26200","Power Scheme GUID: 381b4222-f694-41f0-9685-ff5bb260df2e  (Balanced)","gcc.exe (Rev8, Built by MSYS2 project) 15.2.0","20260831","152","500","1280","720","10.003396","327","32.689","30.569","32.6","31","10"
"2","2026-09-01T17:00:53.0182179-06:00","4a443691efc80128ed67859373d39f1106545df1","True","AMD Ryzen 5 8645HS w/ Radeon 760M Graphics","NVIDIA GeForce RTX 4050 Laptop GPU [32.0.16.1088]; AMD Radeon(TM) Graphics [32.0.11020.6003]","Microsoft Windows 11 Home 10.0.26200","Power Scheme GUID: 381b4222-f694-41f0-9685-ff5bb260df2e  (Balanced)","gcc.exe (Rev8, Built by MSYS2 project) 15.2.0","20260831","152","500","1280","720","10.006437","337","33.678","31.082","33.3","31","10"
"3","2026-09-01T17:01:06.4912481-06:00","4a443691efc80128ed67859373d39f1106545df1","True","AMD Ryzen 5 8645HS w/ Radeon 760M Graphics","NVIDIA GeForce RTX 4050 Laptop GPU [32.0.16.1088]; AMD Radeon(TM) Graphics [32.0.11020.6003]","Microsoft Windows 11 Home 10.0.26200","Power Scheme GUID: 381b4222-f694-41f0-9685-ff5bb260df2e  (Balanced)","gcc.exe (Rev8, Built by MSYS2 project) 15.2.0","20260831","152","500","1280","720","10.027654","348","34.704","32.064","34.8","32","10"
"4","2026-09-01T17:01:19.9722180-06:00","4a443691efc80128ed67859373d39f1106545df1","True","AMD Ryzen 5 8645HS w/ Radeon 760M Graphics","NVIDIA GeForce RTX 4050 Laptop GPU [32.0.16.1088]; AMD Radeon(TM) Graphics [32.0.11020.6003]","Microsoft Windows 11 Home 10.0.26200","Power Scheme GUID: 381b4222-f694-41f0-9685-ff5bb260df2e  (Balanced)","gcc.exe (Rev8, Built by MSYS2 project) 15.2.0","20260831","152","500","1280","720","10.001042","339","33.896","30.878","33.6","31","10"
"5","2026-09-01T17:01:33.4488984-06:00","4a443691efc80128ed67859373d39f1106545df1","True","AMD Ryzen 5 8645HS w/ Radeon 760M Graphics","NVIDIA GeForce RTX 4050 Laptop GPU [32.0.16.1088]; AMD Radeon(TM) Graphics [32.0.11020.6003]","Microsoft Windows 11 Home 10.0.26200","Power Scheme GUID: 381b4222-f694-41f0-9685-ff5bb260df2e  (Balanced)","gcc.exe (Rev8, Built by MSYS2 project) 15.2.0","20260831","152","500","1280","720","10.008915","336","33.57","29.456","33.3","29","10"
"1","2026-09-01T17:01:46.9310362-06:00","4a443691efc80128ed67859373d39f1106545df1","True","AMD Ryzen 5 8645HS w/ Radeon 760M Graphics","NVIDIA GeForce RTX 4050 Laptop GPU [32.0.16.1088]; AMD Radeon(TM) Graphics [32.0.11020.6003]","Microsoft Windows 11 Home 10.0.26200","Power Scheme GUID: 381b4222-f694-41f0-9685-ff5bb260df2e  (Balanced)","gcc.exe (Rev8, Built by MSYS2 project) 15.2.0","20260831","148","500","1280","720","10.01209","313","31.262","27.157","31.3","27","10"
"2","2026-09-01T17:02:00.3856754-06:00","4a443691efc80128ed67859373d39f1106545df1","True","AMD Ryzen 5 8645HS w/ Radeon 760M Graphics","NVIDIA GeForce RTX 4050 Laptop GPU [32.0.16.1088]; AMD Radeon(TM) Graphics [32.0.11020.6003]","Microsoft Windows 11 Home 10.0.26200","Power Scheme GUID: 381b4222-f694-41f0-9685-ff5bb260df2e  (Balanced)","gcc.exe (Rev8, Built by MSYS2 project) 15.2.0","20260831","148","500","1280","720","10.001799","331","33.094","30.357","32.8","30","10"
"3","2026-09-01T17:02:13.8930386-06:00","4a443691efc80128ed67859373d39f1106545df1","True","AMD Ryzen 5 8645HS w/ Radeon 760M Graphics","NVIDIA GeForce RTX 4050 Laptop GPU [32.0.16.1088]; AMD Radeon(TM) Graphics [32.0.11020.6003]","Microsoft Windows 11 Home 10.0.26200","Power Scheme GUID: 381b4222-f694-41f0-9685-ff5bb260df2e  (Balanced)","gcc.exe (Rev8, Built by MSYS2 project) 15.2.0","20260831","148","500","1280","720","10.029781","326","32.503","30.503","32.6","31","10"
"4","2026-09-01T17:02:27.3840006-06:00","4a443691efc80128ed67859373d39f1106545df1","True","AMD Ryzen 5 8645HS w/ Radeon 760M Graphics","NVIDIA GeForce RTX 4050 Laptop GPU [32.0.16.1088]; AMD Radeon(TM) Graphics [32.0.11020.6003]","Microsoft Windows 11 Home 10.0.26200","Power Scheme GUID: 381b4222-f694-41f0-9685-ff5bb260df2e  (Balanced)","gcc.exe (Rev8, Built by MSYS2 project) 15.2.0","20260831","148","500","1280","720","10.001392","321","32.096","29.948","32","30","10"
"5","2026-09-01T17:02:40.8531316-06:00","4a443691efc80128ed67859373d39f1106545df1","True","AMD Ryzen 5 8645HS w/ Radeon 760M Graphics","NVIDIA GeForce RTX 4050 Laptop GPU [32.0.16.1088]; AMD Radeon(TM) Graphics [32.0.11020.6003]","Microsoft Windows 11 Home 10.0.26200","Power Scheme GUID: 381b4222-f694-41f0-9685-ff5bb260df2e  (Balanced)","gcc.exe (Rev8, Built by MSYS2 project) 15.2.0","20260831","148","500","1280","720","10.032256","314","31.299","28.042","31.1","28","10"
"1","2026-09-01T17:02:54.3437921-06:00","4a443691efc80128ed67859373d39f1106545df1","True","AMD Ryzen 5 8645HS w/ Radeon 760M Graphics","NVIDIA GeForce RTX 4050 Laptop GPU [32.0.16.1088]; AMD Radeon(TM) Graphics [32.0.11020.6003]","Microsoft Windows 11 Home 10.0.26200","Power Scheme GUID: 381b4222-f694-41f0-9685-ff5bb260df2e  (Balanced)","gcc.exe (Rev8, Built by MSYS2 project) 15.2.0","20260831","146","500","1280","720","10.025233","352","35.111","32.519","34.9","33","10"
"2","2026-09-01T17:03:07.7786017-06:00","4a443691efc80128ed67859373d39f1106545df1","True","AMD Ryzen 5 8645HS w/ Radeon 760M Graphics","NVIDIA GeForce RTX 4050 Laptop GPU [32.0.16.1088]; AMD Radeon(TM) Graphics [32.0.11020.6003]","Microsoft Windows 11 Home 10.0.26200","Power Scheme GUID: 381b4222-f694-41f0-9685-ff5bb260df2e  (Balanced)","gcc.exe (Rev8, Built by MSYS2 project) 15.2.0","20260831","146","500","1280","720","10.008624","337","33.671","28.032","33.7","28","10"
"3","2026-09-01T17:03:21.2447561-06:00","4a443691efc80128ed67859373d39f1106545df1","True","AMD Ryzen 5 8645HS w/ Radeon 760M Graphics","NVIDIA GeForce RTX 4050 Laptop GPU [32.0.16.1088]; AMD Radeon(TM) Graphics [32.0.11020.6003]","Microsoft Windows 11 Home 10.0.26200","Power Scheme GUID: 381b4222-f694-41f0-9685-ff5bb260df2e  (Balanced)","gcc.exe (Rev8, Built by MSYS2 project) 15.2.0","20260831","146","500","1280","720","10.017875","336","33.54","30.654","33.5","31","10"
"4","2026-09-01T17:03:34.6961816-06:00","4a443691efc80128ed67859373d39f1106545df1","True","AMD Ryzen 5 8645HS w/ Radeon 760M Graphics","NVIDIA GeForce RTX 4050 Laptop GPU [32.0.16.1088]; AMD Radeon(TM) Graphics [32.0.11020.6003]","Microsoft Windows 11 Home 10.0.26200","Power Scheme GUID: 381b4222-f694-41f0-9685-ff5bb260df2e  (Balanced)","gcc.exe (Rev8, Built by MSYS2 project) 15.2.0","20260831","146","500","1280","720","10.016835","333","33.244","30.301","33.1","30","10"
"5","2026-09-01T17:03:48.1499416-06:00","4a443691efc80128ed67859373d39f1106545df1","True","AMD Ryzen 5 8645HS w/ Radeon 760M Graphics","NVIDIA GeForce RTX 4050 Laptop GPU [32.0.16.1088]; AMD Radeon(TM) Graphics [32.0.11020.6003]","Microsoft Windows 11 Home 10.0.26200","Power Scheme GUID: 381b4222-f694-41f0-9685-ff5bb260df2e  (Balanced)","gcc.exe (Rev8, Built by MSYS2 project) 15.2.0","20260831","146","500","1280","720","10.02197","352","35.123","32.669","35","32","10"
"1","2026-09-01T17:04:01.6055312-06:00","4a443691efc80128ed67859373d39f1106545df1","True","AMD Ryzen 5 8645HS w/ Radeon 760M Graphics","NVIDIA GeForce RTX 4050 Laptop GPU [32.0.16.1088]; AMD Radeon(TM) Graphics [32.0.11020.6003]","Microsoft Windows 11 Home 10.0.26200","Power Scheme GUID: 381b4222-f694-41f0-9685-ff5bb260df2e  (Balanced)","gcc.exe (Rev8, Built by MSYS2 project) 15.2.0","20260831","145","500","1280","720","10.000947","338","33.797","30.338","33.6","30","10"
"2","2026-09-01T17:04:15.1198644-06:00","4a443691efc80128ed67859373d39f1106545df1","True","AMD Ryzen 5 8645HS w/ Radeon 760M Graphics","NVIDIA GeForce RTX 4050 Laptop GPU [32.0.16.1088]; AMD Radeon(TM) Graphics [32.0.11020.6003]","Microsoft Windows 11 Home 10.0.26200","Power Scheme GUID: 381b4222-f694-41f0-9685-ff5bb260df2e  (Balanced)","gcc.exe (Rev8, Built by MSYS2 project) 15.2.0","20260831","145","500","1280","720","10.017432","340","33.941","31.203","33.8","31","10"
"3","2026-09-01T17:04:28.6131769-06:00","4a443691efc80128ed67859373d39f1106545df1","True","AMD Ryzen 5 8645HS w/ Radeon 760M Graphics","NVIDIA GeForce RTX 4050 Laptop GPU [32.0.16.1088]; AMD Radeon(TM) Graphics [32.0.11020.6003]","Microsoft Windows 11 Home 10.0.26200","Power Scheme GUID: 381b4222-f694-41f0-9685-ff5bb260df2e  (Balanced)","gcc.exe (Rev8, Built by MSYS2 project) 15.2.0","20260831","145","500","1280","720","10.028391","319","31.81","29.584","31.7","30","10"
"4","2026-09-01T17:04:42.1152198-06:00","4a443691efc80128ed67859373d39f1106545df1","True","AMD Ryzen 5 8645HS w/ Radeon 760M Graphics","NVIDIA GeForce RTX 4050 Laptop GPU [32.0.16.1088]; AMD Radeon(TM) Graphics [32.0.11020.6003]","Microsoft Windows 11 Home 10.0.26200","Power Scheme GUID: 381b4222-f694-41f0-9685-ff5bb260df2e  (Balanced)","gcc.exe (Rev8, Built by MSYS2 project) 15.2.0","20260831","145","500","1280","720","10.01504","311","31.053","28.917","30.9","29","10"
"5","2026-09-01T17:04:56.6121319-06:00","4a443691efc80128ed67859373d39f1106545df1","True","AMD Ryzen 5 8645HS w/ Radeon 760M Graphics","NVIDIA GeForce RTX 4050 Laptop GPU [32.0.16.1088]; AMD Radeon(TM) Graphics [32.0.11020.6003]","Microsoft Windows 11 Home 10.0.26200","Power Scheme GUID: 381b4222-f694-41f0-9685-ff5bb260df2e  (Balanced)","gcc.exe (Rev8, Built by MSYS2 project) 15.2.0","20260831","145","500","1280","720","10.021205","319","31.832","29.12","31.6","29","10"
"1","2026-09-01T17:12:33.2369554-06:00","4a443691efc80128ed67859373d39f1106545df1","True","AMD Ryzen 5 8645HS w/ Radeon 760M Graphics","NVIDIA GeForce RTX 4050 Laptop GPU [32.0.16.1088]; AMD Radeon(TM) Graphics [32.0.11020.6003]","Microsoft Windows 11 Home 10.0.26200","Power Scheme GUID: 381b4222-f694-41f0-9685-ff5bb260df2e  (Balanced)","gcc.exe (Rev8, Built by MSYS2 project) 15.2.0","20260831","64","500","1280","720","10.02099","646","64.465","52.864","64.4","53","10"
"2","2026-09-01T17:12:46.8478505-06:00","4a443691efc80128ed67859373d39f1106545df1","True","AMD Ryzen 5 8645HS w/ Radeon 760M Graphics","NVIDIA GeForce RTX 4050 Laptop GPU [32.0.16.1088]; AMD Radeon(TM) Graphics [32.0.11020.6003]","Microsoft Windows 11 Home 10.0.26200","Power Scheme GUID: 381b4222-f694-41f0-9685-ff5bb260df2e  (Balanced)","gcc.exe (Rev8, Built by MSYS2 project) 15.2.0","20260831","64","500","1280","720","10.012126","581","58.03","52.054","57.1","51","10"
"3","2026-09-01T17:13:00.3730662-06:00","4a443691efc80128ed67859373d39f1106545df1","True","AMD Ryzen 5 8645HS w/ Radeon 760M Graphics","NVIDIA GeForce RTX 4050 Laptop GPU [32.0.16.1088]; AMD Radeon(TM) Graphics [32.0.11020.6003]","Microsoft Windows 11 Home 10.0.26200","Power Scheme GUID: 381b4222-f694-41f0-9685-ff5bb260df2e  (Balanced)","gcc.exe (Rev8, Built by MSYS2 project) 15.2.0","20260831","64","500","1280","720","10.015678","638","63.7","56.126","63","55","10"
"4","2026-09-01T17:13:14.9324372-06:00","4a443691efc80128ed67859373d39f1106545df1","True","AMD Ryzen 5 8645HS w/ Radeon 760M Graphics","NVIDIA GeForce RTX 4050 Laptop GPU [32.0.16.1088]; AMD Radeon(TM) Graphics [32.0.11020.6003]","Microsoft Windows 11 Home 10.0.26200","Power Scheme GUID: 381b4222-f694-41f0-9685-ff5bb260df2e  (Balanced)","gcc.exe (Rev8, Built by MSYS2 project) 15.2.0","20260831","64","500","1280","720","10.013399","627","62.616","55.561","61.5","54","10"
"5","2026-09-01T17:13:31.3713838-06:00","4a443691efc80128ed67859373d39f1106545df1","True","AMD Ryzen 5 8645HS w/ Radeon 760M Graphics","NVIDIA GeForce RTX 4050 Laptop GPU [32.0.16.1088]; AMD Radeon(TM) Graphics [32.0.11020.6003]","Microsoft Windows 11 Home 10.0.26200","Power Scheme GUID: 381b4222-f694-41f0-9685-ff5bb260df2e  (Balanced)","gcc.exe (Rev8, Built by MSYS2 project) 15.2.0","20260831","64","500","1280","720","10.007312","650","64.953","59.111","64.8","59","10"
"1","2026-09-01T17:13:44.8790484-06:00","4a443691efc80128ed67859373d39f1106545df1","True","AMD Ryzen 5 8645HS w/ Radeon 760M Graphics","NVIDIA GeForce RTX 4050 Laptop GPU [32.0.16.1088]; AMD Radeon(TM) Graphics [32.0.11020.6003]","Microsoft Windows 11 Home 10.0.26200","Power Scheme GUID: 381b4222-f694-41f0-9685-ff5bb260df2e  (Balanced)","gcc.exe (Rev8, Built by MSYS2 project) 15.2.0","20260831","32","500","1280","720","10.009507","1199","119.786","102.356","117.7","103","10"
"2","2026-09-01T17:13:58.8951784-06:00","4a443691efc80128ed67859373d39f1106545df1","True","AMD Ryzen 5 8645HS w/ Radeon 760M Graphics","NVIDIA GeForce RTX 4050 Laptop GPU [32.0.16.1088]; AMD Radeon(TM) Graphics [32.0.11020.6003]","Microsoft Windows 11 Home 10.0.26200","Power Scheme GUID: 381b4222-f694-41f0-9685-ff5bb260df2e  (Balanced)","gcc.exe (Rev8, Built by MSYS2 project) 15.2.0","20260831","32","500","1280","720","10.00818","1149","114.806","103.108","113.8","104","10"
"3","2026-09-01T17:14:12.3761126-06:00","4a443691efc80128ed67859373d39f1106545df1","True","AMD Ryzen 5 8645HS w/ Radeon 760M Graphics","NVIDIA GeForce RTX 4050 Laptop GPU [32.0.16.1088]; AMD Radeon(TM) Graphics [32.0.11020.6003]","Microsoft Windows 11 Home 10.0.26200","Power Scheme GUID: 381b4222-f694-41f0-9685-ff5bb260df2e  (Balanced)","gcc.exe (Rev8, Built by MSYS2 project) 15.2.0","20260831","32","500","1280","720","10.003804","1212","121.154","105.423","118.4","104","10"
"4","2026-09-01T17:14:25.8454647-06:00","4a443691efc80128ed67859373d39f1106545df1","True","AMD Ryzen 5 8645HS w/ Radeon 760M Graphics","NVIDIA GeForce RTX 4050 Laptop GPU [32.0.16.1088]; AMD Radeon(TM) Graphics [32.0.11020.6003]","Microsoft Windows 11 Home 10.0.26200","Power Scheme GUID: 381b4222-f694-41f0-9685-ff5bb260df2e  (Balanced)","gcc.exe (Rev8, Built by MSYS2 project) 15.2.0","20260831","32","500","1280","720","10.004121","1154","115.352","102.546","113.7","101","10"
"5","2026-09-01T17:14:39.2953050-06:00","4a443691efc80128ed67859373d39f1106545df1","True","AMD Ryzen 5 8645HS w/ Radeon 760M Graphics","NVIDIA GeForce RTX 4050 Laptop GPU [32.0.16.1088]; AMD Radeon(TM) Graphics [32.0.11020.6003]","Microsoft Windows 11 Home 10.0.26200","Power Scheme GUID: 381b4222-f694-41f0-9685-ff5bb260df2e  (Balanced)","gcc.exe (Rev8, Built by MSYS2 project) 15.2.0","20260831","32","500","1280","720","10.00566","1175","117.434","103.326","115.3","100","10"
"1","2026-09-01T17:14:52.8529039-06:00","4a443691efc80128ed67859373d39f1106545df1","True","AMD Ryzen 5 8645HS w/ Radeon 760M Graphics","NVIDIA GeForce RTX 4050 Laptop GPU [32.0.16.1088]; AMD Radeon(TM) Graphics [32.0.11020.6003]","Microsoft Windows 11 Home 10.0.26200","Power Scheme GUID: 381b4222-f694-41f0-9685-ff5bb260df2e  (Balanced)","gcc.exe (Rev8, Built by MSYS2 project) 15.2.0","20260831","48","500","1280","720","10.005405","825","82.455","72.869","81.8","73","10"
"2","2026-09-01T17:15:06.3913021-06:00","4a443691efc80128ed67859373d39f1106545df1","True","AMD Ryzen 5 8645HS w/ Radeon 760M Graphics","NVIDIA GeForce RTX 4050 Laptop GPU [32.0.16.1088]; AMD Radeon(TM) Graphics [32.0.11020.6003]","Microsoft Windows 11 Home 10.0.26200","Power Scheme GUID: 381b4222-f694-41f0-9685-ff5bb260df2e  (Balanced)","gcc.exe (Rev8, Built by MSYS2 project) 15.2.0","20260831","48","500","1280","720","10.011424","769","76.812","63.247","76.3","61","10"
"3","2026-09-01T17:15:19.9101815-06:00","4a443691efc80128ed67859373d39f1106545df1","True","AMD Ryzen 5 8645HS w/ Radeon 760M Graphics","NVIDIA GeForce RTX 4050 Laptop GPU [32.0.16.1088]; AMD Radeon(TM) Graphics [32.0.11020.6003]","Microsoft Windows 11 Home 10.0.26200","Power Scheme GUID: 381b4222-f694-41f0-9685-ff5bb260df2e  (Balanced)","gcc.exe (Rev8, Built by MSYS2 project) 15.2.0","20260831","48","500","1280","720","10.006442","811","81.048","75.039","80.5","74","10"
"4","2026-09-01T17:15:33.3806762-06:00","4a443691efc80128ed67859373d39f1106545df1","True","AMD Ryzen 5 8645HS w/ Radeon 760M Graphics","NVIDIA GeForce RTX 4050 Laptop GPU [32.0.16.1088]; AMD Radeon(TM) Graphics [32.0.11020.6003]","Microsoft Windows 11 Home 10.0.26200","Power Scheme GUID: 381b4222-f694-41f0-9685-ff5bb260df2e  (Balanced)","gcc.exe (Rev8, Built by MSYS2 project) 15.2.0","20260831","48","500","1280","720","10.004399","819","81.864","75.293","81.5","75","10"
"5","2026-09-01T17:15:47.1338646-06:00","4a443691efc80128ed67859373d39f1106545df1","True","AMD Ryzen 5 8645HS w/ Radeon 760M Graphics","NVIDIA GeForce RTX 4050 Laptop GPU [32.0.16.1088]; AMD Radeon(TM) Graphics [32.0.11020.6003]","Microsoft Windows 11 Home 10.0.26200","Power Scheme GUID: 381b4222-f694-41f0-9685-ff5bb260df2e  (Balanced)","gcc.exe (Rev8, Built by MSYS2 project) 15.2.0","20260831","48","500","1280","720","10.001713","777","77.687","70.72","78","72","10"
"1","2026-09-01T17:16:00.6601062-06:00","4a443691efc80128ed67859373d39f1106545df1","True","AMD Ryzen 5 8645HS w/ Radeon 760M Graphics","NVIDIA GeForce RTX 4050 Laptop GPU [32.0.16.1088]; AMD Radeon(TM) Graphics [32.0.11020.6003]","Microsoft Windows 11 Home 10.0.26200","Power Scheme GUID: 381b4222-f694-41f0-9685-ff5bb260df2e  (Balanced)","gcc.exe (Rev8, Built by MSYS2 project) 15.2.0","20260831","56","500","1280","720","10.010266","755","75.423","68.601","75.2","68","10"
"2","2026-09-01T17:16:14.3229358-06:00","4a443691efc80128ed67859373d39f1106545df1","True","AMD Ryzen 5 8645HS w/ Radeon 760M Graphics","NVIDIA GeForce RTX 4050 Laptop GPU [32.0.16.1088]; AMD Radeon(TM) Graphics [32.0.11020.6003]","Microsoft Windows 11 Home 10.0.26200","Power Scheme GUID: 381b4222-f694-41f0-9685-ff5bb260df2e  (Balanced)","gcc.exe (Rev8, Built by MSYS2 project) 15.2.0","20260831","56","500","1280","720","10.012169","744","74.31","65.807","74.5","67","10"
"3","2026-09-01T17:16:27.8535420-06:00","4a443691efc80128ed67859373d39f1106545df1","True","AMD Ryzen 5 8645HS w/ Radeon 760M Graphics","NVIDIA GeForce RTX 4050 Laptop GPU [32.0.16.1088]; AMD Radeon(TM) Graphics [32.0.11020.6003]","Microsoft Windows 11 Home 10.0.26200","Power Scheme GUID: 381b4222-f694-41f0-9685-ff5bb260df2e  (Balanced)","gcc.exe (Rev8, Built by MSYS2 project) 15.2.0","20260831","56","500","1280","720","10.010417","757","75.621","67.776","75.2","68","10"
"4","2026-09-01T17:16:41.3134133-06:00","4a443691efc80128ed67859373d39f1106545df1","True","AMD Ryzen 5 8645HS w/ Radeon 760M Graphics","NVIDIA GeForce RTX 4050 Laptop GPU [32.0.16.1088]; AMD Radeon(TM) Graphics [32.0.11020.6003]","Microsoft Windows 11 Home 10.0.26200","Power Scheme GUID: 381b4222-f694-41f0-9685-ff5bb260df2e  (Balanced)","gcc.exe (Rev8, Built by MSYS2 project) 15.2.0","20260831","56","500","1280","720","10.013094","720","71.906","63.202","71.8","64","10"
"5","2026-09-01T17:16:54.7737759-06:00","4a443691efc80128ed67859373d39f1106545df1","True","AMD Ryzen 5 8645HS w/ Radeon 760M Graphics","NVIDIA GeForce RTX 4050 Laptop GPU [32.0.16.1088]; AMD Radeon(TM) Graphics [32.0.11020.6003]","Microsoft Windows 11 Home 10.0.26200","Power Scheme GUID: 381b4222-f694-41f0-9685-ff5bb260df2e  (Balanced)","gcc.exe (Rev8, Built by MSYS2 project) 15.2.0","20260831","56","500","1280","720","10.000119","716","71.599","64.377","71.3","63","10"
"1","2026-09-01T17:17:08.2781596-06:00","4a443691efc80128ed67859373d39f1106545df1","True","AMD Ryzen 5 8645HS w/ Radeon 760M Graphics","NVIDIA GeForce RTX 4050 Laptop GPU [32.0.16.1088]; AMD Radeon(TM) Graphics [32.0.11020.6003]","Microsoft Windows 11 Home 10.0.26200","Power Scheme GUID: 381b4222-f694-41f0-9685-ff5bb260df2e  (Balanced)","gcc.exe (Rev8, Built by MSYS2 project) 15.2.0","20260831","60","500","1280","720","10.004418","773","77.266","68.395","76.8","69","10"
"2","2026-09-01T17:17:21.7287865-06:00","4a443691efc80128ed67859373d39f1106545df1","True","AMD Ryzen 5 8645HS w/ Radeon 760M Graphics","NVIDIA GeForce RTX 4050 Laptop GPU [32.0.16.1088]; AMD Radeon(TM) Graphics [32.0.11020.6003]","Microsoft Windows 11 Home 10.0.26200","Power Scheme GUID: 381b4222-f694-41f0-9685-ff5bb260df2e  (Balanced)","gcc.exe (Rev8, Built by MSYS2 project) 15.2.0","20260831","60","500","1280","720","10.003153","773","77.276","69.289","76.9","70","10"
"3","2026-09-01T17:17:35.2460782-06:00","4a443691efc80128ed67859373d39f1106545df1","True","AMD Ryzen 5 8645HS w/ Radeon 760M Graphics","NVIDIA GeForce RTX 4050 Laptop GPU [32.0.16.1088]; AMD Radeon(TM) Graphics [32.0.11020.6003]","Microsoft Windows 11 Home 10.0.26200","Power Scheme GUID: 381b4222-f694-41f0-9685-ff5bb260df2e  (Balanced)","gcc.exe (Rev8, Built by MSYS2 project) 15.2.0","20260831","60","500","1280","720","10.011251","780","77.912","69.827","77.3","70","10"
"4","2026-09-01T17:17:48.6681912-06:00","4a443691efc80128ed67859373d39f1106545df1","True","AMD Ryzen 5 8645HS w/ Radeon 760M Graphics","NVIDIA GeForce RTX 4050 Laptop GPU [32.0.16.1088]; AMD Radeon(TM) Graphics [32.0.11020.6003]","Microsoft Windows 11 Home 10.0.26200","Power Scheme GUID: 381b4222-f694-41f0-9685-ff5bb260df2e  (Balanced)","gcc.exe (Rev8, Built by MSYS2 project) 15.2.0","20260831","60","500","1280","720","10.004262","765","76.467","69.239","76.4","70","10"
"5","2026-09-01T17:18:02.1182260-06:00","4a443691efc80128ed67859373d39f1106545df1","True","AMD Ryzen 5 8645HS w/ Radeon 760M Graphics","NVIDIA GeForce RTX 4050 Laptop GPU [32.0.16.1088]; AMD Radeon(TM) Graphics [32.0.11020.6003]","Microsoft Windows 11 Home 10.0.26200","Power Scheme GUID: 381b4222-f694-41f0-9685-ff5bb260df2e  (Balanced)","gcc.exe (Rev8, Built by MSYS2 project) 15.2.0","20260831","60","500","1280","720","10.01124","772","77.113","68.757","78","69","10"
"1","2026-09-01T17:18:15.6092975-06:00","4a443691efc80128ed67859373d39f1106545df1","True","AMD Ryzen 5 8645HS w/ Radeon 760M Graphics","NVIDIA GeForce RTX 4050 Laptop GPU [32.0.16.1088]; AMD Radeon(TM) Graphics [32.0.11020.6003]","Microsoft Windows 11 Home 10.0.26200","Power Scheme GUID: 381b4222-f694-41f0-9685-ff5bb260df2e  (Balanced)","gcc.exe (Rev8, Built by MSYS2 project) 15.2.0","20260831","62","500","1280","720","10.001516","781","78.088","69.888","77","70","10"
"2","2026-09-01T17:18:29.0455202-06:00","4a443691efc80128ed67859373d39f1106545df1","True","AMD Ryzen 5 8645HS w/ Radeon 760M Graphics","NVIDIA GeForce RTX 4050 Laptop GPU [32.0.16.1088]; AMD Radeon(TM) Graphics [32.0.11020.6003]","Microsoft Windows 11 Home 10.0.26200","Power Scheme GUID: 381b4222-f694-41f0-9685-ff5bb260df2e  (Balanced)","gcc.exe (Rev8, Built by MSYS2 project) 15.2.0","20260831","62","500","1280","720","10.002687","753","75.28","66.45","74.8","67","10"
"3","2026-09-01T17:18:42.5468678-06:00","4a443691efc80128ed67859373d39f1106545df1","True","AMD Ryzen 5 8645HS w/ Radeon 760M Graphics","NVIDIA GeForce RTX 4050 Laptop GPU [32.0.16.1088]; AMD Radeon(TM) Graphics [32.0.11020.6003]","Microsoft Windows 11 Home 10.0.26200","Power Scheme GUID: 381b4222-f694-41f0-9685-ff5bb260df2e  (Balanced)","gcc.exe (Rev8, Built by MSYS2 project) 15.2.0","20260831","62","500","1280","720","10.010831","757","75.618","66.76","75.1","65","10"
"4","2026-09-01T17:18:56.0211786-06:00","4a443691efc80128ed67859373d39f1106545df1","True","AMD Ryzen 5 8645HS w/ Radeon 760M Graphics","NVIDIA GeForce RTX 4050 Laptop GPU [32.0.16.1088]; AMD Radeon(TM) Graphics [32.0.11020.6003]","Microsoft Windows 11 Home 10.0.26200","Power Scheme GUID: 381b4222-f694-41f0-9685-ff5bb260df2e  (Balanced)","gcc.exe (Rev8, Built by MSYS2 project) 15.2.0","20260831","62","500","1280","720","10.006215","753","75.253","70.193","74.3","69","10"
"5","2026-09-01T17:19:09.4639494-06:00","4a443691efc80128ed67859373d39f1106545df1","True","AMD Ryzen 5 8645HS w/ Radeon 760M Graphics","NVIDIA GeForce RTX 4050 Laptop GPU [32.0.16.1088]; AMD Radeon(TM) Graphics [32.0.11020.6003]","Microsoft Windows 11 Home 10.0.26200","Power Scheme GUID: 381b4222-f694-41f0-9685-ff5bb260df2e  (Balanced)","gcc.exe (Rev8, Built by MSYS2 project) 15.2.0","20260831","62","500","1280","720","10.000399","739","73.897","68.76","73.3","68","10"
"1","2026-09-01T17:19:22.9246408-06:00","4a443691efc80128ed67859373d39f1106545df1","True","AMD Ryzen 5 8645HS w/ Radeon 760M Graphics","NVIDIA GeForce RTX 4050 Laptop GPU [32.0.16.1088]; AMD Radeon(TM) Graphics [32.0.11020.6003]","Microsoft Windows 11 Home 10.0.26200","Power Scheme GUID: 381b4222-f694-41f0-9685-ff5bb260df2e  (Balanced)","gcc.exe (Rev8, Built by MSYS2 project) 15.2.0","20260831","63","500","1280","720","10.015338","656","65.5","59.024","64.9","56","10"
"2","2026-09-01T17:19:37.4017831-06:00","4a443691efc80128ed67859373d39f1106545df1","True","AMD Ryzen 5 8645HS w/ Radeon 760M Graphics","NVIDIA GeForce RTX 4050 Laptop GPU [32.0.16.1088]; AMD Radeon(TM) Graphics [32.0.11020.6003]","Microsoft Windows 11 Home 10.0.26200","Power Scheme GUID: 381b4222-f694-41f0-9685-ff5bb260df2e  (Balanced)","gcc.exe (Rev8, Built by MSYS2 project) 15.2.0","20260831","63","500","1280","720","10.009156","668","66.739","57.059","66.7","58","10"
"3","2026-09-01T17:19:50.8539859-06:00","4a443691efc80128ed67859373d39f1106545df1","True","AMD Ryzen 5 8645HS w/ Radeon 760M Graphics","NVIDIA GeForce RTX 4050 Laptop GPU [32.0.16.1088]; AMD Radeon(TM) Graphics [32.0.11020.6003]","Microsoft Windows 11 Home 10.0.26200","Power Scheme GUID: 381b4222-f694-41f0-9685-ff5bb260df2e  (Balanced)","gcc.exe (Rev8, Built by MSYS2 project) 15.2.0","20260831","63","500","1280","720","10.000295","672","67.198","58.737","66.7","58","10"
"4","2026-09-01T17:20:04.3247564-06:00","4a443691efc80128ed67859373d39f1106545df1","True","AMD Ryzen 5 8645HS w/ Radeon 760M Graphics","NVIDIA GeForce RTX 4050 Laptop GPU [32.0.16.1088]; AMD Radeon(TM) Graphics [32.0.11020.6003]","Microsoft Windows 11 Home 10.0.26200","Power Scheme GUID: 381b4222-f694-41f0-9685-ff5bb260df2e  (Balanced)","gcc.exe (Rev8, Built by MSYS2 project) 15.2.0","20260831","63","500","1280","720","10.00263","679","67.882","61.847","67.5","62","10"
"5","2026-09-01T17:20:17.7993359-06:00","4a443691efc80128ed67859373d39f1106545df1","True","AMD Ryzen 5 8645HS w/ Radeon 760M Graphics","NVIDIA GeForce RTX 4050 Laptop GPU [32.0.16.1088]; AMD Radeon(TM) Graphics [32.0.11020.6003]","Microsoft Windows 11 Home 10.0.26200","Power Scheme GUID: 381b4222-f694-41f0-9685-ff5bb260df2e  (Balanced)","gcc.exe (Rev8, Built by MSYS2 project) 15.2.0","20260831","63","500","1280","720","10.00575","669","66.862","60.051","66.8","60","10"
"1","2026-09-01T17:23:56.0238104-06:00","4a443691efc80128ed67859373d39f1106545df1","True","AMD Ryzen 5 8645HS w/ Radeon 760M Graphics","NVIDIA GeForce RTX 4050 Laptop GPU [32.0.16.1088]; AMD Radeon(TM) Graphics [32.0.11020.6003]","Microsoft Windows 11 Home 10.0.26200","Power Scheme GUID: 381b4222-f694-41f0-9685-ff5bb260df2e  (Balanced)","gcc.exe (Rev8, Built by MSYS2 project) 15.2.0","20260831","40","500","1280","720","10.002706","977","97.674","85.272","96","85","10"
"2","2026-09-01T17:24:09.5083141-06:00","4a443691efc80128ed67859373d39f1106545df1","True","AMD Ryzen 5 8645HS w/ Radeon 760M Graphics","NVIDIA GeForce RTX 4050 Laptop GPU [32.0.16.1088]; AMD Radeon(TM) Graphics [32.0.11020.6003]","Microsoft Windows 11 Home 10.0.26200","Power Scheme GUID: 381b4222-f694-41f0-9685-ff5bb260df2e  (Balanced)","gcc.exe (Rev8, Built by MSYS2 project) 15.2.0","20260831","40","500","1280","720","10.00564","970","96.945","87.208","95.7","87","10"
"3","2026-09-01T17:24:23.0235714-06:00","4a443691efc80128ed67859373d39f1106545df1","True","AMD Ryzen 5 8645HS w/ Radeon 760M Graphics","NVIDIA GeForce RTX 4050 Laptop GPU [32.0.16.1088]; AMD Radeon(TM) Graphics [32.0.11020.6003]","Microsoft Windows 11 Home 10.0.26200","Power Scheme GUID: 381b4222-f694-41f0-9685-ff5bb260df2e  (Balanced)","gcc.exe (Rev8, Built by MSYS2 project) 15.2.0","20260831","40","500","1280","720","10.001157","990","98.989","89.645","98.1","88","10"
"4","2026-09-01T17:24:36.5133502-06:00","4a443691efc80128ed67859373d39f1106545df1","True","AMD Ryzen 5 8645HS w/ Radeon 760M Graphics","NVIDIA GeForce RTX 4050 Laptop GPU [32.0.16.1088]; AMD Radeon(TM) Graphics [32.0.11020.6003]","Microsoft Windows 11 Home 10.0.26200","Power Scheme GUID: 381b4222-f694-41f0-9685-ff5bb260df2e  (Balanced)","gcc.exe (Rev8, Built by MSYS2 project) 15.2.0","20260831","40","500","1280","720","10.009047","949","94.814","86.672","93.6","85","10"
"5","2026-09-01T17:24:50.0182348-06:00","4a443691efc80128ed67859373d39f1106545df1","True","AMD Ryzen 5 8645HS w/ Radeon 760M Graphics","NVIDIA GeForce RTX 4050 Laptop GPU [32.0.16.1088]; AMD Radeon(TM) Graphics [32.0.11020.6003]","Microsoft Windows 11 Home 10.0.26200","Power Scheme GUID: 381b4222-f694-41f0-9685-ff5bb260df2e  (Balanced)","gcc.exe (Rev8, Built by MSYS2 project) 15.2.0","20260831","40","500","1280","720","10.004434","970","96.957","84.923","95","83","10"
"1","2026-09-01T17:25:03.4883977-06:00","4a443691efc80128ed67859373d39f1106545df1","True","AMD Ryzen 5 8645HS w/ Radeon 760M Graphics","NVIDIA GeForce RTX 4050 Laptop GPU [32.0.16.1088]; AMD Radeon(TM) Graphics [32.0.11020.6003]","Microsoft Windows 11 Home 10.0.26200","Power Scheme GUID: 381b4222-f694-41f0-9685-ff5bb260df2e  (Balanced)","gcc.exe (Rev8, Built by MSYS2 project) 15.2.0","20260831","36","500","1280","720","10.007584","1084","108.318","96.792","107.8","95","10"
"2","2026-09-01T17:25:16.9486940-06:00","4a443691efc80128ed67859373d39f1106545df1","True","AMD Ryzen 5 8645HS w/ Radeon 760M Graphics","NVIDIA GeForce RTX 4050 Laptop GPU [32.0.16.1088]; AMD Radeon(TM) Graphics [32.0.11020.6003]","Microsoft Windows 11 Home 10.0.26200","Power Scheme GUID: 381b4222-f694-41f0-9685-ff5bb260df2e  (Balanced)","gcc.exe (Rev8, Built by MSYS2 project) 15.2.0","20260831","36","500","1280","720","10.001335","1108","110.785","98.575","109.6","98","10"
"3","2026-09-01T17:25:30.4353142-06:00","4a443691efc80128ed67859373d39f1106545df1","True","AMD Ryzen 5 8645HS w/ Radeon 760M Graphics","NVIDIA GeForce RTX 4050 Laptop GPU [32.0.16.1088]; AMD Radeon(TM) Graphics [32.0.11020.6003]","Microsoft Windows 11 Home 10.0.26200","Power Scheme GUID: 381b4222-f694-41f0-9685-ff5bb260df2e  (Balanced)","gcc.exe (Rev8, Built by MSYS2 project) 15.2.0","20260831","36","500","1280","720","10.002707","1101","110.07","94.387","108.1","92","10"
"4","2026-09-01T17:25:43.9026723-06:00","4a443691efc80128ed67859373d39f1106545df1","True","AMD Ryzen 5 8645HS w/ Radeon 760M Graphics","NVIDIA GeForce RTX 4050 Laptop GPU [32.0.16.1088]; AMD Radeon(TM) Graphics [32.0.11020.6003]","Microsoft Windows 11 Home 10.0.26200","Power Scheme GUID: 381b4222-f694-41f0-9685-ff5bb260df2e  (Balanced)","gcc.exe (Rev8, Built by MSYS2 project) 15.2.0","20260831","36","500","1280","720","10.007219","1083","108.222","94.794","107.6","95","10"
"5","2026-09-01T17:25:57.3633353-06:00","4a443691efc80128ed67859373d39f1106545df1","True","AMD Ryzen 5 8645HS w/ Radeon 760M Graphics","NVIDIA GeForce RTX 4050 Laptop GPU [32.0.16.1088]; AMD Radeon(TM) Graphics [32.0.11020.6003]","Microsoft Windows 11 Home 10.0.26200","Power Scheme GUID: 381b4222-f694-41f0-9685-ff5bb260df2e  (Balanced)","gcc.exe (Rev8, Built by MSYS2 project) 15.2.0","20260831","36","500","1280","720","10.009377","1061","106.001","84.231","104.4","81","10"
"1","2026-09-01T17:26:10.9008043-06:00","4a443691efc80128ed67859373d39f1106545df1","True","AMD Ryzen 5 8645HS w/ Radeon 760M Graphics","NVIDIA GeForce RTX 4050 Laptop GPU [32.0.16.1088]; AMD Radeon(TM) Graphics [32.0.11020.6003]","Microsoft Windows 11 Home 10.0.26200","Power Scheme GUID: 381b4222-f694-41f0-9685-ff5bb260df2e  (Balanced)","gcc.exe (Rev8, Built by MSYS2 project) 15.2.0","20260831","34","500","1280","720","10.008354","1039","103.813","90.181","103.8","94","10"
"2","2026-09-01T17:26:24.3811626-06:00","4a443691efc80128ed67859373d39f1106545df1","True","AMD Ryzen 5 8645HS w/ Radeon 760M Graphics","NVIDIA GeForce RTX 4050 Laptop GPU [32.0.16.1088]; AMD Radeon(TM) Graphics [32.0.11020.6003]","Microsoft Windows 11 Home 10.0.26200","Power Scheme GUID: 381b4222-f694-41f0-9685-ff5bb260df2e  (Balanced)","gcc.exe (Rev8, Built by MSYS2 project) 15.2.0","20260831","34","500","1280","720","10.003509","1138","113.76","100.088","112.4","100","10"
"3","2026-09-01T17:26:37.8464301-06:00","4a443691efc80128ed67859373d39f1106545df1","True","AMD Ryzen 5 8645HS w/ Radeon 760M Graphics","NVIDIA GeForce RTX 4050 Laptop GPU [32.0.16.1088]; AMD Radeon(TM) Graphics [32.0.11020.6003]","Microsoft Windows 11 Home 10.0.26200","Power Scheme GUID: 381b4222-f694-41f0-9685-ff5bb260df2e  (Balanced)","gcc.exe (Rev8, Built by MSYS2 project) 15.2.0","20260831","34","500","1280","720","10.008673","1101","110.005","98.494","108.5","97","10"
"4","2026-09-01T17:26:51.2911676-06:00","4a443691efc80128ed67859373d39f1106545df1","True","AMD Ryzen 5 8645HS w/ Radeon 760M Graphics","NVIDIA GeForce RTX 4050 Laptop GPU [32.0.16.1088]; AMD Radeon(TM) Graphics [32.0.11020.6003]","Microsoft Windows 11 Home 10.0.26200","Power Scheme GUID: 381b4222-f694-41f0-9685-ff5bb260df2e  (Balanced)","gcc.exe (Rev8, Built by MSYS2 project) 15.2.0","20260831","34","500","1280","720","10.009231","1104","110.298","94.764","108.8","93","10"
"5","2026-09-01T17:27:04.7566814-06:00","4a443691efc80128ed67859373d39f1106545df1","True","AMD Ryzen 5 8645HS w/ Radeon 760M Graphics","NVIDIA GeForce RTX 4050 Laptop GPU [32.0.16.1088]; AMD Radeon(TM) Graphics [32.0.11020.6003]","Microsoft Windows 11 Home 10.0.26200","Power Scheme GUID: 381b4222-f694-41f0-9685-ff5bb260df2e  (Balanced)","gcc.exe (Rev8, Built by MSYS2 project) 15.2.0","20260831","34","500","1280","720","10.006401","1132","113.128","99.523","111.5","99","10"
"1","2026-09-01T17:27:18.2126404-06:00","4a443691efc80128ed67859373d39f1106545df1","True","AMD Ryzen 5 8645HS w/ Radeon 760M Graphics","NVIDIA GeForce RTX 4050 Laptop GPU [32.0.16.1088]; AMD Radeon(TM) Graphics [32.0.11020.6003]","Microsoft Windows 11 Home 10.0.26200","Power Scheme GUID: 381b4222-f694-41f0-9685-ff5bb260df2e  (Balanced)","gcc.exe (Rev8, Built by MSYS2 project) 15.2.0","20260831","35","500","1280","720","10.002201","1165","116.474","106.908","115.5","104","10"
"2","2026-09-01T17:27:31.6713218-06:00","4a443691efc80128ed67859373d39f1106545df1","True","AMD Ryzen 5 8645HS w/ Radeon 760M Graphics","NVIDIA GeForce RTX 4050 Laptop GPU [32.0.16.1088]; AMD Radeon(TM) Graphics [32.0.11020.6003]","Microsoft Windows 11 Home 10.0.26200","Power Scheme GUID: 381b4222-f694-41f0-9685-ff5bb260df2e  (Balanced)","gcc.exe (Rev8, Built by MSYS2 project) 15.2.0","20260831","35","500","1280","720","10.001329","1148","114.785","104.951","112.9","103","10"
"3","2026-09-01T17:27:45.1089633-06:00","4a443691efc80128ed67859373d39f1106545df1","True","AMD Ryzen 5 8645HS w/ Radeon 760M Graphics","NVIDIA GeForce RTX 4050 Laptop GPU [32.0.16.1088]; AMD Radeon(TM) Graphics [32.0.11020.6003]","Microsoft Windows 11 Home 10.0.26200","Power Scheme GUID: 381b4222-f694-41f0-9685-ff5bb260df2e  (Balanced)","gcc.exe (Rev8, Built by MSYS2 project) 15.2.0","20260831","35","500","1280","720","10.009353","1159","115.792","103.802","114.2","104","10"
"4","2026-09-01T17:27:58.5489581-06:00","4a443691efc80128ed67859373d39f1106545df1","True","AMD Ryzen 5 8645HS w/ Radeon 760M Graphics","NVIDIA GeForce RTX 4050 Laptop GPU [32.0.16.1088]; AMD Radeon(TM) Graphics [32.0.11020.6003]","Microsoft Windows 11 Home 10.0.26200","Power Scheme GUID: 381b4222-f694-41f0-9685-ff5bb260df2e  (Balanced)","gcc.exe (Rev8, Built by MSYS2 project) 15.2.0","20260831","35","500","1280","720","10.006279","1154","115.328","103.558","112.8","102","10"
"5","2026-09-01T17:28:11.9684508-06:00","4a443691efc80128ed67859373d39f1106545df1","True","AMD Ryzen 5 8645HS w/ Radeon 760M Graphics","NVIDIA GeForce RTX 4050 Laptop GPU [32.0.16.1088]; AMD Radeon(TM) Graphics [32.0.11020.6003]","Microsoft Windows 11 Home 10.0.26200","Power Scheme GUID: 381b4222-f694-41f0-9685-ff5bb260df2e  (Balanced)","gcc.exe (Rev8, Built by MSYS2 project) 15.2.0","20260831","35","500","1280","720","10.002157","1120","111.976","100.177","109.6","96","10"
"1","2026-09-01T17:28:25.4025082-06:00","4a443691efc80128ed67859373d39f1106545df1","True","AMD Ryzen 5 8645HS w/ Radeon 760M Graphics","NVIDIA GeForce RTX 4050 Laptop GPU [32.0.16.1088]; AMD Radeon(TM) Graphics [32.0.11020.6003]","Microsoft Windows 11 Home 10.0.26200","Power Scheme GUID: 381b4222-f694-41f0-9685-ff5bb260df2e  (Balanced)","gcc.exe (Rev8, Built by MSYS2 project) 15.2.0","20260831","16","500","1280","720","10.001777","2024","202.364","173.71","195.6","170","10"
"2","2026-09-01T17:28:38.8360094-06:00","4a443691efc80128ed67859373d39f1106545df1","True","AMD Ryzen 5 8645HS w/ Radeon 760M Graphics","NVIDIA GeForce RTX 4050 Laptop GPU [32.0.16.1088]; AMD Radeon(TM) Graphics [32.0.11020.6003]","Microsoft Windows 11 Home 10.0.26200","Power Scheme GUID: 381b4222-f694-41f0-9685-ff5bb260df2e  (Balanced)","gcc.exe (Rev8, Built by MSYS2 project) 15.2.0","20260831","16","500","1280","720","10.003374","1957","195.634","164.807","192","163","10"
"3","2026-09-01T17:28:52.3141731-06:00","4a443691efc80128ed67859373d39f1106545df1","True","AMD Ryzen 5 8645HS w/ Radeon 760M Graphics","NVIDIA GeForce RTX 4050 Laptop GPU [32.0.16.1088]; AMD Radeon(TM) Graphics [32.0.11020.6003]","Microsoft Windows 11 Home 10.0.26200","Power Scheme GUID: 381b4222-f694-41f0-9685-ff5bb260df2e  (Balanced)","gcc.exe (Rev8, Built by MSYS2 project) 15.2.0","20260831","16","500","1280","720","10.00474","2035","203.404","168.644","197.6","161","10"
"4","2026-09-01T17:29:05.7966403-06:00","4a443691efc80128ed67859373d39f1106545df1","True","AMD Ryzen 5 8645HS w/ Radeon 760M Graphics","NVIDIA GeForce RTX 4050 Laptop GPU [32.0.16.1088]; AMD Radeon(TM) Graphics [32.0.11020.6003]","Microsoft Windows 11 Home 10.0.26200","Power Scheme GUID: 381b4222-f694-41f0-9685-ff5bb260df2e  (Balanced)","gcc.exe (Rev8, Built by MSYS2 project) 15.2.0","20260831","16","500","1280","720","10.0029","2013","201.242","171.585","197","164","10"
"5","2026-09-01T17:29:19.2287661-06:00","4a443691efc80128ed67859373d39f1106545df1","True","AMD Ryzen 5 8645HS w/ Radeon 760M Graphics","NVIDIA GeForce RTX 4050 Laptop GPU [32.0.16.1088]; AMD Radeon(TM) Graphics [32.0.11020.6003]","Microsoft Windows 11 Home 10.0.26200","Power Scheme GUID: 381b4222-f694-41f0-9685-ff5bb260df2e  (Balanced)","gcc.exe (Rev8, Built by MSYS2 project) 15.2.0","20260831","16","500","1280","720","10.001696","1974","197.367","172.212","195.7","165","10"
"1","2026-09-01T17:29:32.6806787-06:00","4a443691efc80128ed67859373d39f1106545df1","True","AMD Ryzen 5 8645HS w/ Radeon 760M Graphics","NVIDIA GeForce RTX 4050 Laptop GPU [32.0.16.1088]; AMD Radeon(TM) Graphics [32.0.11020.6003]","Microsoft Windows 11 Home 10.0.26200","Power Scheme GUID: 381b4222-f694-41f0-9685-ff5bb260df2e  (Balanced)","gcc.exe (Rev8, Built by MSYS2 project) 15.2.0","20260831","24","500","1280","720","10.000236","1387","138.697","122.434","134.2","116","10"
"2","2026-09-01T17:29:46.1158548-06:00","4a443691efc80128ed67859373d39f1106545df1","True","AMD Ryzen 5 8645HS w/ Radeon 760M Graphics","NVIDIA GeForce RTX 4050 Laptop GPU [32.0.16.1088]; AMD Radeon(TM) Graphics [32.0.11020.6003]","Microsoft Windows 11 Home 10.0.26200","Power Scheme GUID: 381b4222-f694-41f0-9685-ff5bb260df2e  (Balanced)","gcc.exe (Rev8, Built by MSYS2 project) 15.2.0","20260831","24","500","1280","720","10.005474","1354","135.326","120.022","132","117","10"
"3","2026-09-01T17:29:59.5581894-06:00","4a443691efc80128ed67859373d39f1106545df1","True","AMD Ryzen 5 8645HS w/ Radeon 760M Graphics","NVIDIA GeForce RTX 4050 Laptop GPU [32.0.16.1088]; AMD Radeon(TM) Graphics [32.0.11020.6003]","Microsoft Windows 11 Home 10.0.26200","Power Scheme GUID: 381b4222-f694-41f0-9685-ff5bb260df2e  (Balanced)","gcc.exe (Rev8, Built by MSYS2 project) 15.2.0","20260831","24","500","1280","720","10.004908","1493","149.227","131.144","147.2","132","10"
"4","2026-09-01T17:30:13.0107216-06:00","4a443691efc80128ed67859373d39f1106545df1","True","AMD Ryzen 5 8645HS w/ Radeon 760M Graphics","NVIDIA GeForce RTX 4050 Laptop GPU [32.0.16.1088]; AMD Radeon(TM) Graphics [32.0.11020.6003]","Microsoft Windows 11 Home 10.0.26200","Power Scheme GUID: 381b4222-f694-41f0-9685-ff5bb260df2e  (Balanced)","gcc.exe (Rev8, Built by MSYS2 project) 15.2.0","20260831","24","500","1280","720","10.00291","1465","146.457","123.763","144.1","120","10"
"5","2026-09-01T17:30:26.4867359-06:00","4a443691efc80128ed67859373d39f1106545df1","True","AMD Ryzen 5 8645HS w/ Radeon 760M Graphics","NVIDIA GeForce RTX 4050 Laptop GPU [32.0.16.1088]; AMD Radeon(TM) Graphics [32.0.11020.6003]","Microsoft Windows 11 Home 10.0.26200","Power Scheme GUID: 381b4222-f694-41f0-9685-ff5bb260df2e  (Balanced)","gcc.exe (Rev8, Built by MSYS2 project) 15.2.0","20260831","24","500","1280","720","10.007347","1385","138.398","118.747","136.2","119","10"
"1","2026-09-01T17:30:39.9448037-06:00","4a443691efc80128ed67859373d39f1106545df1","True","AMD Ryzen 5 8645HS w/ Radeon 760M Graphics","NVIDIA GeForce RTX 4050 Laptop GPU [32.0.16.1088]; AMD Radeon(TM) Graphics [32.0.11020.6003]","Microsoft Windows 11 Home 10.0.26200","Power Scheme GUID: 381b4222-f694-41f0-9685-ff5bb260df2e  (Balanced)","gcc.exe (Rev8, Built by MSYS2 project) 15.2.0","20260831","20","500","1280","720","10.000617","1435","143.491","130.108","140.9","130","10"
"2","2026-09-01T17:30:53.3704402-06:00","4a443691efc80128ed67859373d39f1106545df1","True","AMD Ryzen 5 8645HS w/ Radeon 760M Graphics","NVIDIA GeForce RTX 4050 Laptop GPU [32.0.16.1088]; AMD Radeon(TM) Graphics [32.0.11020.6003]","Microsoft Windows 11 Home 10.0.26200","Power Scheme GUID: 381b4222-f694-41f0-9685-ff5bb260df2e  (Balanced)","gcc.exe (Rev8, Built by MSYS2 project) 15.2.0","20260831","20","500","1280","720","10.000335","1487","148.695","130.393","146.3","130","10"
"3","2026-09-01T17:31:07.8161114-06:00","4a443691efc80128ed67859373d39f1106545df1","True","AMD Ryzen 5 8645HS w/ Radeon 760M Graphics","NVIDIA GeForce RTX 4050 Laptop GPU [32.0.16.1088]; AMD Radeon(TM) Graphics [32.0.11020.6003]","Microsoft Windows 11 Home 10.0.26200","Power Scheme GUID: 381b4222-f694-41f0-9685-ff5bb260df2e  (Balanced)","gcc.exe (Rev8, Built by MSYS2 project) 15.2.0","20260831","20","500","1280","720","10.005369","1511","151.019","130.533","148.6","126","10"
"4","2026-09-01T17:31:21.2791085-06:00","4a443691efc80128ed67859373d39f1106545df1","True","AMD Ryzen 5 8645HS w/ Radeon 760M Graphics","NVIDIA GeForce RTX 4050 Laptop GPU [32.0.16.1088]; AMD Radeon(TM) Graphics [32.0.11020.6003]","Microsoft Windows 11 Home 10.0.26200","Power Scheme GUID: 381b4222-f694-41f0-9685-ff5bb260df2e  (Balanced)","gcc.exe (Rev8, Built by MSYS2 project) 15.2.0","20260831","20","500","1280","720","10.007222","1562","156.087","137.027","151.7","129","10"
"5","2026-09-01T17:31:34.7453689-06:00","4a443691efc80128ed67859373d39f1106545df1","True","AMD Ryzen 5 8645HS w/ Radeon 760M Graphics","NVIDIA GeForce RTX 4050 Laptop GPU [32.0.16.1088]; AMD Radeon(TM) Graphics [32.0.11020.6003]","Microsoft Windows 11 Home 10.0.26200","Power Scheme GUID: 381b4222-f694-41f0-9685-ff5bb260df2e  (Balanced)","gcc.exe (Rev8, Built by MSYS2 project) 15.2.0","20260831","20","500","1280","720","10.000303","1505","150.495","132.4","148.1","132","10"
"1","2026-09-01T17:31:48.2293153-06:00","4a443691efc80128ed67859373d39f1106545df1","True","AMD Ryzen 5 8645HS w/ Radeon 760M Graphics","NVIDIA GeForce RTX 4050 Laptop GPU [32.0.16.1088]; AMD Radeon(TM) Graphics [32.0.11020.6003]","Microsoft Windows 11 Home 10.0.26200","Power Scheme GUID: 381b4222-f694-41f0-9685-ff5bb260df2e  (Balanced)","gcc.exe (Rev8, Built by MSYS2 project) 15.2.0","20260831","22","500","1280","720","10.007304","1610","160.882","139.849","158.7","138","10"
"2","2026-09-01T17:32:01.6650948-06:00","4a443691efc80128ed67859373d39f1106545df1","True","AMD Ryzen 5 8645HS w/ Radeon 760M Graphics","NVIDIA GeForce RTX 4050 Laptop GPU [32.0.16.1088]; AMD Radeon(TM) Graphics [32.0.11020.6003]","Microsoft Windows 11 Home 10.0.26200","Power Scheme GUID: 381b4222-f694-41f0-9685-ff5bb260df2e  (Balanced)","gcc.exe (Rev8, Built by MSYS2 project) 15.2.0","20260831","22","500","1280","720","10.004145","1566","156.535","137.566","153.4","138","10"
"3","2026-09-01T17:32:15.1085893-06:00","4a443691efc80128ed67859373d39f1106545df1","True","AMD Ryzen 5 8645HS w/ Radeon 760M Graphics","NVIDIA GeForce RTX 4050 Laptop GPU [32.0.16.1088]; AMD Radeon(TM) Graphics [32.0.11020.6003]","Microsoft Windows 11 Home 10.0.26200","Power Scheme GUID: 381b4222-f694-41f0-9685-ff5bb260df2e  (Balanced)","gcc.exe (Rev8, Built by MSYS2 project) 15.2.0","20260831","22","500","1280","720","10.000787","1616","161.587","142.014","160.8","145","10"
"4","2026-09-01T17:32:28.5234114-06:00","4a443691efc80128ed67859373d39f1106545df1","True","AMD Ryzen 5 8645HS w/ Radeon 760M Graphics","NVIDIA GeForce RTX 4050 Laptop GPU [32.0.16.1088]; AMD Radeon(TM) Graphics [32.0.11020.6003]","Microsoft Windows 11 Home 10.0.26200","Power Scheme GUID: 381b4222-f694-41f0-9685-ff5bb260df2e  (Balanced)","gcc.exe (Rev8, Built by MSYS2 project) 15.2.0","20260831","22","500","1280","720","10.001975","1581","158.069","138.602","156","138","10"
"5","2026-09-01T17:32:41.9730335-06:00","4a443691efc80128ed67859373d39f1106545df1","True","AMD Ryzen 5 8645HS w/ Radeon 760M Graphics","NVIDIA GeForce RTX 4050 Laptop GPU [32.0.16.1088]; AMD Radeon(TM) Graphics [32.0.11020.6003]","Microsoft Windows 11 Home 10.0.26200","Power Scheme GUID: 381b4222-f694-41f0-9685-ff5bb260df2e  (Balanced)","gcc.exe (Rev8, Built by MSYS2 project) 15.2.0","20260831","22","500","1280","720","10.001285","1548","154.78","133.712","152.4","132","10"
"1","2026-09-01T17:32:55.4465959-06:00","4a443691efc80128ed67859373d39f1106545df1","True","AMD Ryzen 5 8645HS w/ Radeon 760M Graphics","NVIDIA GeForce RTX 4050 Laptop GPU [32.0.16.1088]; AMD Radeon(TM) Graphics [32.0.11020.6003]","Microsoft Windows 11 Home 10.0.26200","Power Scheme GUID: 381b4222-f694-41f0-9685-ff5bb260df2e  (Balanced)","gcc.exe (Rev8, Built by MSYS2 project) 15.2.0","20260831","23","500","1280","720","10.002706","1534","153.359","134.793","150","136","10"
"2","2026-09-01T17:33:08.9291330-06:00","4a443691efc80128ed67859373d39f1106545df1","True","AMD Ryzen 5 8645HS w/ Radeon 760M Graphics","NVIDIA GeForce RTX 4050 Laptop GPU [32.0.16.1088]; AMD Radeon(TM) Graphics [32.0.11020.6003]","Microsoft Windows 11 Home 10.0.26200","Power Scheme GUID: 381b4222-f694-41f0-9685-ff5bb260df2e  (Balanced)","gcc.exe (Rev8, Built by MSYS2 project) 15.2.0","20260831","23","500","1280","720","10.006716","1517","151.598","135.776","150","136","10"
"3","2026-09-01T17:33:22.4206315-06:00","4a443691efc80128ed67859373d39f1106545df1","True","AMD Ryzen 5 8645HS w/ Radeon 760M Graphics","NVIDIA GeForce RTX 4050 Laptop GPU [32.0.16.1088]; AMD Radeon(TM) Graphics [32.0.11020.6003]","Microsoft Windows 11 Home 10.0.26200","Power Scheme GUID: 381b4222-f694-41f0-9685-ff5bb260df2e  (Balanced)","gcc.exe (Rev8, Built by MSYS2 project) 15.2.0","20260831","23","500","1280","720","10.000645","1581","158.09","135.257","156.5","129","10"
"4","2026-09-01T17:33:35.8599578-06:00","4a443691efc80128ed67859373d39f1106545df1","True","AMD Ryzen 5 8645HS w/ Radeon 760M Graphics","NVIDIA GeForce RTX 4050 Laptop GPU [32.0.16.1088]; AMD Radeon(TM) Graphics [32.0.11020.6003]","Microsoft Windows 11 Home 10.0.26200","Power Scheme GUID: 381b4222-f694-41f0-9685-ff5bb260df2e  (Balanced)","gcc.exe (Rev8, Built by MSYS2 project) 15.2.0","20260831","23","500","1280","720","10.001475","1534","153.377","136.633","150.4","132","10"
"5","2026-09-01T17:33:49.2988807-06:00","4a443691efc80128ed67859373d39f1106545df1","True","AMD Ryzen 5 8645HS w/ Radeon 760M Graphics","NVIDIA GeForce RTX 4050 Laptop GPU [32.0.16.1088]; AMD Radeon(TM) Graphics [32.0.11020.6003]","Microsoft Windows 11 Home 10.0.26200","Power Scheme GUID: 381b4222-f694-41f0-9685-ff5bb260df2e  (Balanced)","gcc.exe (Rev8, Built by MSYS2 project) 15.2.0","20260831","23","500","1280","720","10.004067","1539","153.837","133.859","150.8","132","10"
