"Systems","Stars","Runs","MeanFps","MedianFps","WorstOneSecondFps","StandardDeviationFps","RunsFile","HardwareFile"
"16","500","5","200.002","201.242","164.807","2.99","C:\Users\hdaniyyel\UVG\Ciclo 2\Paralela\CC3069-Proyecto1\benchmark-results\runs-20260901-172338.csv","C:\Users\hdaniyyel\UVG\Ciclo 2\Paralela\CC3069-Proyecto1\benchmark-results\hardware-20260901-172338.json"
"20","500","5","149.957","150.495","130.108","4.059","C:\Users\hdaniyyel\UVG\Ciclo 2\Paralela\CC3069-Proyecto1\benchmark-results\runs-20260901-172338.csv","C:\Users\hdaniyyel\UVG\Ciclo 2\Paralela\CC3069-Proyecto1\benchmark-results\hardware-20260901-172338.json"
"22","500","5","158.371","158.069","133.712","2.569","C:\Users\hdaniyyel\UVG\Ciclo 2\Paralela\CC3069-Proyecto1\benchmark-results\runs-20260901-172338.csv","C:\Users\hdaniyyel\UVG\Ciclo 2\Paralela\CC3069-Proyecto1\benchmark-results\hardware-20260901-172338.json"
"23","500","5","154.052","153.377","133.859","2.159","C:\Users\hdaniyyel\UVG\Ciclo 2\Paralela\CC3069-Proyecto1\benchmark-results\runs-20260901-172338.csv","C:\Users\hdaniyyel\UVG\Ciclo 2\Paralela\CC3069-Proyecto1\benchmark-results\hardware-20260901-172338.json"
"24","500","5","141.621","138.697","118.747","5.288","C:\Users\hdaniyyel\UVG\Ciclo 2\Paralela\CC3069-Proyecto1\benchmark-results\runs-20260901-172338.csv","C:\Users\hdaniyyel\UVG\Ciclo 2\Paralela\CC3069-Proyecto1\benchmark-results\hardware-20260901-172338.json"
"32","500","5","117.706","117.434","102.356","2.459","C:\Users\hdaniyyel\UVG\Ciclo 2\Paralela\CC3069-Proyecto1\benchmark-results\runs-20260901-172338.csv","C:\Users\hdaniyyel\UVG\Ciclo 2\Paralela\CC3069-Proyecto1\benchmark-results\hardware-20260901-172338.json"
"34","500","5","110.201","110.298","90.181","3.524","C:\Users\hdaniyyel\UVG\Ciclo 2\Paralela\CC3069-Proyecto1\benchmark-results\runs-20260901-172338.csv","C:\Users\hdaniyyel\UVG\Ciclo 2\Paralela\CC3069-Proyecto1\benchmark-results\hardware-20260901-172338.json"
"35","500","5","114.871","115.328","100.177","1.55","C:\Users\hdaniyyel\UVG\Ciclo 2\Paralela\CC3069-Proyecto1\benchmark-results\runs-20260901-172338.csv","C:\Users\hdaniyyel\UVG\Ciclo 2\Paralela\CC3069-Proyecto1\benchmark-results\hardware-20260901-172338.json"
"36","500","5","108.679","108.318","84.231","1.666","C:\Users\hdaniyyel\UVG\Ciclo 2\Paralela\CC3069-Proyecto1\benchmark-results\runs-20260901-172338.csv","C:\Users\hdaniyyel\UVG\Ciclo 2\Paralela\CC3069-Proyecto1\benchmark-results\hardware-20260901-172338.json"
"40","500","5","97.076","96.957","84.923","1.354","C:\Users\hdaniyyel\UVG\Ciclo 2\Paralela\CC3069-Proyecto1\benchmark-results\runs-20260901-172338.csv","C:\Users\hdaniyyel\UVG\Ciclo 2\Paralela\CC3069-Proyecto1\benchmark-results\hardware-20260901-172338.json"
"48","500","5","79.973","81.048","63.247","2.285","C:\Users\hdaniyyel\UVG\Ciclo 2\Paralela\CC3069-Proyecto1\benchmark-results\runs-20260901-172338.csv","C:\Users\hdaniyyel\UVG\Ciclo 2\Paralela\CC3069-Proyecto1\benchmark-results\hardware-20260901-172338.json"
"56","500","5","73.772","74.31","63.202","1.711","C:\Users\hdaniyyel\UVG\Ciclo 2\Paralela\CC3069-Proyecto1\benchmark-results\runs-20260901-172338.csv","C:\Users\hdaniyyel\UVG\Ciclo 2\Paralela\CC3069-Proyecto1\benchmark-results\hardware-20260901-172338.json"
"60","500","5","77.207","77.266","68.395","0.461","C:\Users\hdaniyyel\UVG\Ciclo 2\Paralela\CC3069-Proyecto1\benchmark-results\runs-20260901-172338.csv","C:\Users\hdaniyyel\UVG\Ciclo 2\Paralela\CC3069-Proyecto1\benchmark-results\hardware-20260901-172338.json"
"62","500","5","75.627","75.28","66.45","1.365","C:\Users\hdaniyyel\UVG\Ciclo 2\Paralela\CC3069-Proyecto1\benchmark-results\runs-20260901-172338.csv","C:\Users\hdaniyyel\UVG\Ciclo 2\Paralela\CC3069-Proyecto1\benchmark-results\hardware-20260901-172338.json"
"63","500","5","66.836","66.862","57.059","0.777","C:\Users\hdaniyyel\UVG\Ciclo 2\Paralela\CC3069-Proyecto1\benchmark-results\runs-20260901-172338.csv","C:\Users\hdaniyyel\UVG\Ciclo 2\Paralela\CC3069-Proyecto1\benchmark-results\hardware-20260901-172338.json"
"64","500","5","62.753","63.7","52.054","2.49","C:\Users\hdaniyyel\UVG\Ciclo 2\Paralela\CC3069-Proyecto1\benchmark-results\runs-20260901-172338.csv","C:\Users\hdaniyyel\UVG\Ciclo 2\Paralela\CC3069-Proyecto1\benchmark-results\hardware-20260901-172338.json"
"128","500","5","36.289","36.216","31.645","0.746","C:\Users\hdaniyyel\UVG\Ciclo 2\Paralela\CC3069-Proyecto1\benchmark-results\runs-20260901-172338.csv","C:\Users\hdaniyyel\UVG\Ciclo 2\Paralela\CC3069-Proyecto1\benchmark-results\hardware-20260901-172338.json"
"144","500","5","34.588","34.568","30.428","0.336","C:\Users\hdaniyyel\UVG\Ciclo 2\Paralela\CC3069-Proyecto1\benchmark-results\runs-20260901-172338.csv","C:\Users\hdaniyyel\UVG\Ciclo 2\Paralela\CC3069-Proyecto1\benchmark-results\hardware-20260901-172338.json"
"145","500","5","32.487","31.832","28.917","1.164","C:\Users\hdaniyyel\UVG\Ciclo 2\Paralela\CC3069-Proyecto1\benchmark-results\runs-20260901-172338.csv","C:\Users\hdaniyyel\UVG\Ciclo 2\Paralela\CC3069-Proyecto1\benchmark-results\hardware-20260901-172338.json"
"146","500","5","34.138","33.671","28.032","0.811","C:\Users\hdaniyyel\UVG\Ciclo 2\Paralela\CC3069-Proyecto1\benchmark-results\runs-20260901-172338.csv","C:\Users\hdaniyyel\UVG\Ciclo 2\Paralela\CC3069-Proyecto1\benchmark-results\hardware-20260901-172338.json"
"148","500","5","32.051","32.096","27.157","0.705","C:\Users\hdaniyyel\UVG\Ciclo 2\Paralela\CC3069-Proyecto1\benchmark-results\runs-20260901-172338.csv","C:\Users\hdaniyyel\UVG\Ciclo 2\Paralela\CC3069-Proyecto1\benchmark-results\hardware-20260901-172338.json"
"152","500","5","33.707","33.678","29.456","0.646","C:\Users\hdaniyyel\UVG\Ciclo 2\Paralela\CC3069-Proyecto1\benchmark-results\runs-20260901-172338.csv","C:\Users\hdaniyyel\UVG\Ciclo 2\Paralela\CC3069-Proyecto1\benchmark-results\hardware-20260901-172338.json"
"160","500","5","32.605","32.719","28.72","0.59","C:\Users\hdaniyyel\UVG\Ciclo 2\Paralela\CC3069-Proyecto1\benchmark-results\runs-20260901-172338.csv","C:\Users\hdaniyyel\UVG\Ciclo 2\Paralela\CC3069-Proyecto1\benchmark-results\hardware-20260901-172338.json"
"192","500","5","27.69","27.694","24.551","0.344","C:\Users\hdaniyyel\UVG\Ciclo 2\Paralela\CC3069-Proyecto1\benchmark-results\runs-20260901-172338.csv","C:\Users\hdaniyyel\UVG\Ciclo 2\Paralela\CC3069-Proyecto1\benchmark-results\hardware-20260901-172338.json"
"256","500","5","19.459","20.029","14.314","2.001","C:\Users\hdaniyyel\UVG\Ciclo 2\Paralela\CC3069-Proyecto1\benchmark-results\runs-20260901-172338.csv","C:\Users\hdaniyyel\UVG\Ciclo 2\Paralela\CC3069-Proyecto1\benchmark-results\hardware-20260901-172338.json"
